,assay1,assay2,assay3,assay4
assay1,0.9256749114939723,2.175081656155804,2.29348155085347,2.03220015659104
assay2,2.1750816561558035,1.5109574688077392,2.766318818997606,2.434266295595221
assay3,2.2934815508534694,2.766318818997606,1.5993639524093584,2.226830179297443
assay4,2.03220015659104,2.4342662955952212,2.226830179297443,1.4361740701224197
